accession,annotation,source,BLASTp_evalue_against_published_dpos
YP_009197835.1,hypothetical protein AVV16_gp28 [Klebsiella phage 1513],NCBI,3.5
ASZ78307.1,tail fiber protein [Klebsiella phage 2044-307w],NCBI,
ASV44945.1,endolysin [Klebsiella phage AltoGao],NCBI,
AUE22057.1,minor tail protein [Klebsiella phage GML-KpCol1],NCBI,
YP_007392883.1,Rz-like spanin [Klebsiella phage JD001],NCBI,
YP_002003828.1,internal virion protein [Klebsiella phage K11],NCBI,
YP_009198636.1,hypothetical protein AVU23_gp08 [Klebsiella phage K5],NCBI,0.85
YP_009198641.1,RNA polymerase inhibitor [Klebsiella phage K5],NCBI,
YP_009153203.1,tail protein [Klebsiella phage K64-1],NCBI,
YP_009195363.1,DUF1073 domain-containing protein [Klebsiella phage KLPN1],NCBI,
ARM70362.1,putative holin [Klebsiella phage KOX1],NCBI,
YP_009188333.1,metallo-phosphoesterase [Klebsiella phage Kp2],NCBI,
YP_009188748.1,hypothetical protein AU164_gp06 [Klebsiella phage KpV41],NCBI,26
YP_009280709.1,internal virion protein [Klebsiella phage KpV475],NCBI,
APD20689.1,DNA helicase [Klebsiella phage KPV811],NCBI,
AUG87980.1,hypothetical protein CPT_May_066 [Klebsiella phage May],NCBI,0.26
AUG87922.1,RIIA protein [Klebsiella phage May],NCBI,
AUG87946.1,hypothetical protein CPT_May_031 [Klebsiella phage May],NCBI,5.8
AUG87970.1,terminase large subunit [Klebsiella phage May],NCBI,
AUG87967.1,neck protein [Klebsiella phage May],NCBI,
AUG87737.1,hypothetical protein CPT_Menlow_036 [Klebsiella phage Menlow],NCBI,14
AUG87776.1,hypothetical protein CPT_Menlow_075 [Klebsiella phage Menlow],NCBI,76
AUG87768.1,putative prohead core protein [Klebsiella phage Menlow],NCBI,
AUG87741.1,hypothetical protein CPT_Menlow_040 [Klebsiella phage Menlow],NCBI,>100
AUG87763.1,tail sheath protein [Klebsiella phage Menlow],NCBI,
ASV44984.1,helicase [Klebsiella phage MezzoGao],NCBI,
AXF39374.1,hypothetical protein S1_027 [Klebsiella phage NJS1],NCBI,0.78
AIT13626.1,hypothetical protein BO1E_0057 [Klebsiella phage phiBO1E],NCBI,1.4
AWK24037.1,hypothetical protein phiKpS2_43 [Klebsiella phage phiKpS2],NCBI,>100
AWK24043.1,hypothetical protein phiKpS2_49 [Klebsiella phage phiKpS2],NCBI,1.7
YP_009284901.1,hypothetical protein BI015_gp37 [Klebsiella phage PKP126],NCBI,1.4
YP_009284938.1,hypothetical protein BI015_gp74 [Klebsiella phage PKP126],NCBI,9.3
YP_009196682.1,helicase [Klebsiella phage Sushi],NCBI,
YP_007007648.1,hypothetical protein F403_gp042 [Klebsiella phage vB_KleM_RaK2],NCBI,5.3
YP_007007650.1,dCMP deaminase [Klebsiella phage vB_KleM_RaK2],NCBI,
YP_007007601.1,hypothetical protein F403_gp089 [Klebsiella phage vB_KleM_RaK2],NCBI,4.3
YP_007007658.1,nudix hydrolase [Klebsiella phage vB_KleM_RaK2],NCBI,
YP_007007609.1,hypothetical protein F403_gp081 [Klebsiella phage vB_KleM_RaK2],NCBI,>100
YP_007007614.1,hypothetical protein F403_gp076 [Klebsiella phage vB_KleM_RaK2],NCBI,2.4
YP_007007664.1,hypothetical protein F403_gp026 [Klebsiella phage vB_KleM_RaK2],NCBI,3.6
YP_007007632.1,hypothetical protein F403_gp058 [Klebsiella phage vB_KleM_RaK2],NCBI,>100
YP_009190952.1,terminase large subunit [Klebsiella phage vB_Kp1],NCBI,
AUV59276.1,sliding clamp DNA polymerase accessory protein [Klebsiella phage vB_KpnM_KpS110],NCBI,
AUV59214.1,DNA polymerase [Klebsiella phage vB_KpnM_KpS110],NCBI,
AUV59233.1,hypothetical protein kps110_117 [Klebsiella phage vB_KpnM_KpS110],NCBI,6.6
AUV59272.1,GIY-YIG homing endonuclease [Klebsiella phage vB_KpnM_KpS110],NCBI,
AUV59269.1,hypothetical protein kps110_153 [Klebsiella phage vB_KpnM_KpS110],NCBI,3.9
AOZ65370.1,hypothetical protein kpv52_26 [Klebsiella phage vB_KpnM_KpV52],NCBI,0.04
AOZ65375.1,hypothetical protein kpv52_31 [Klebsiella phage vB_KpnM_KpV52],NCBI,4.4
ATI16467.1,hypothetical protein kpv79_14 [Klebsiella phage vB_KpnM_KpV79],NCBI,0.52
ARB12430.1,hypothetical protein IL33_24 [Klebsiella phage vB_KpnP_IL33],NCBI,88
YP_009215478.1,DNA polymerase I [Klebsiella phage vB_KpnP_KpV289],NCBI,
YP_009215469.1,Gp2.5-like ssDNA binding protein and ssDNA annealing protein [Klebsiella phage vB_KpnP_KpV289],NCBI,
AOZ65226.1,putative DNA polymerase [Klebsiella phage vB_KpnP_KpV48],NCBI,
AOT28130.1,putative S-adenosyl-L-methionine hydrolase [Klebsiella phage vB_KpnP_KpV763],NCBI,
AOT28167.1,putative tail fiber protein / tail tubular protein B [Klebsiella phage vB_KpnP_KpV763],NCBI,
AOZ65562.1,hypothetical protein kpv766_37 [Klebsiella phage vB_KpnP_KpV766],NCBI,8.9
ARB12407.1,class II holin [Klebsiella phage vB_KpnP_PRA33],NCBI,
YP_009199914.1,endonuclease VII [Klebsiella phage vB_KpnP_SU503],NCBI,
YP_009204826.1,head-tail adaptor [Klebsiella phage vB_KpnP_SU552A],NCBI,
YP_009204819.1,hypothetical protein AVT67_gp30 [Klebsiella phage vB_KpnP_SU552A],NCBI,4.1
AOZ65304.1,putative tape measure protein [Klebsiella phage vB_KpnS_KpV522],NCBI,
YP_008532044.1,head closure Hc2 [Klebsiella phage 0507-KN2-1],NCBI,
YP_008532096.1,Rz-like spanin [Klebsiella phage 0507-KN2-1],NCBI,
YP_008532073.1,UvsY-like recombination mediator [Klebsiella phage 0507-KN2-1],NCBI,
YP_008532075.1,DNA helicase [Klebsiella phage 0507-KN2-1],NCBI,
AWN07111.1,exonuclease [Klebsiella phage KP32_isolate 194],NCBI,
AWN07131.1,hypothetical protein [Klebsiella phage KP32_isolate 194],NCBI,66
AWN07142.1,hypothetical protein [Klebsiella phage KP32_isolate 195],NCBI,22
AWN07216.1,DNA packaging protein A [Klebsiella phage KP32_isolate 196],NCBI,
ASW27434.1,hypothetical protein KPNN141_47 [Klebsiella phage KPN N141],NCBI,13
sp|Q37892.1|TUB11_BPB03,RecName: Full=Proximal tail tube connector protein; AltName: Full=Gene product 11; Short=gp11; AltName: Full=Lower collar protein; AltName: Full=Protein p11,NCBI,
YP_006907385.1,DNA polymerase [Bacillus phage Bastille],NCBI,
YP_009031346.1,transcriptional regulator [Bacillus phage Bcp1],NCBI,
AGY46524.1,hypothetical protein BigBertha_16 [Bacillus phage BigBertha],NCBI,12
YP_009056506.1,hypothetical protein LD13_gp211 [Bacillus phage Bobb],NCBI,0.16
YP_009003153.1,portal protein [Bacillus phage BPS10C],NCBI,
YP_006907821.1,hypothetical protein BPS13_0262 [Bacillus phage BPS13],NCBI,35
YP_009036949.1,hypothetical protein FP74_gp046 [Bacillus phage CAM003],NCBI,36
AGY46936.1,hypothetical protein CampHawk_58 [Bacillus phage CampHawk],NCBI,4.2
AGY46914.1,hypothetical protein CampHawk_36 [Bacillus phage CampHawk],NCBI,6.5
AGY46983.1,holin/anti-holin [Bacillus phage CampHawk],NCBI,
AGY46963.1,hypothetical protein CampHawk_85 [Bacillus phage CampHawk],NCBI,8.3
AGE60863.1,hypothetical protein GEMINI_24 [Bacillus phage Gemini],NCBI,>100
AGY47277.1,hypothetical protein Grass_12 [Bacillus phage Grass],NCBI,0.057
YP_009036589.1,hypothetical protein FP72_gp140 [Bacillus phage Hakuna],NCBI,15
YP_009035220.1,hypothetical protein FP73_gp023 [Bacillus phage Hoody T],NCBI,33
YP_009036179.1,baseplate protein [Bacillus phage Megatron],NCBI,
YP_008060119.1,adaptor Ad4 [Bacillus phage MG-B1],NCBI,
ACH57087.1,putative protein 16.6 [Bacillus phage Nf],NCBI,
AGY47925.1,hypothetical protein Page_3 [Bacillus phage Page],NCBI,17
ADF59151.1,putative cell wall amidase [Bacillus phage phi105],NCBI,
NP_690799.1,hypothetical protein phi105_46 [Bacillus phage phi105],NCBI,42
AGB62677.1,hypothetical protein [Bacillus phage phiAGATE],NCBI,>100
YP_007349260.1,hypothetical protein G380_gp017 [Bacillus phage phiAGATE],NCBI,0.91
YP_008318277.1,hypothetical protein N374_gp181 [Bacillus phage phiNIT1],NCBI,1.3
YP_008318400.1,exopolyphosphatase [Bacillus phage phiNIT1],NCBI,
YP_007678060.1,hypothetical protein K203_gp34 [Bacillus phage PM1],NCBI,2.1
AGY48247.1,hypothetical protein Pony_6 [Bacillus phage Pony],NCBI,5.7
AGY48037.1,hypothetical protein Plant_20 [Bacillus phage poppyseed],NCBI,>100
AAA88484.1,major head protein [Bacillus phage PZA],NCBI,
YP_007003374.1,hypothetical protein F373_gp117 [Bacillus phage SP-10],NCBI,42
YP_007003340.1,hypothetical protein F373_gp083 [Bacillus phage SP-10],NCBI,>100
AGY48415.1,hypothetical protein Spock_15 [Bacillus phage Spock],NCBI,8.8
NP_690707.1,hypothetical protein SPP1p056 [Bacillus phage SPP1],NCBI,4.1
NP_690858.1,replication protein [Bacillus phage SPP1],NCBI,
AGY48774.1,ribonucleotide reductase alpha subunit [Bacillus phage Staley],NCBI,
YP_008430896.1,HTH DNA binding protein [Bacillus phage Troll],NCBI,
YP_007677131.1,hypothetical protein K201_gp233 [Bacillus phage vB_BceM_Bc431v3],NCBI,0.066
YP_007517472.1,hypothetical protein I905_gp07 [Bacillus phage Andromeda],NCBI,21
AGY46821.1,hypothetical protein Blastoid_22 [Bacillus phage Blastoid],NCBI,3
YP_007517570.1,virion structural protein [Bacillus phage Curly],NCBI,
YP_007517422.1,holin [Bacillus phage Eoghan],NCBI,
YP_007517630.1,terminase large subunit [Bacillus phage Finn],NCBI,
NP_073680.1,hypothetical protein GA-1p04 [Bacillus phage GA1],NCBI,18
AGY47265.1,hypothetical protein Glittering_78 [Bacillus phage Glittering],NCBI,7.4
AGY48179.1,major capsid protein [Bacillus phage Riggi],NCBI,
YP_002300336.1,tail spike protein [Bacillus phage SPO1],NCBI,
AGE60982.1,hypothetical protein TAYLOR_64 [Bacillus phage Taylor],NCBI,6.4
AHB81143.1,putative tail collar protein [Brucella phage Fz],NCBI,
AEY69697.1,hypothetical protein Phi_Tb_ORF_28 [Brucella phage Tb],NCBI,0.069
NP_944280.1,portal protein [Burkholderia phage Bcep22],NCBI,
YP_007236812.1,virion structural protein [Burkholderia phage BcepMigl],NCBI,
AGS80928.1,"CMP/dCMP deaminase, zinc-binding [Caulobacter phage Cr30]",NCBI,
YP_008242007.1,phage tail protein [Cellulophaga phage phi10:1],NCBI,
AGO49079.1,hypothetical protein Phi13:1_gp068 [Cellulophaga phage phi13:1],NCBI,>100
AGO49653.1,hypothetical protein Phi13:2_gp043 [Cellulophaga phage phi13:2],NCBI,>100
AGO49612.1,hypothetical protein Phi13:2_gp002 [Cellulophaga phage phi13:2],NCBI,5.4
AGO48645.1,hypothetical protein Phi19:2_gp010 [Cellulophaga phage phi19:2],NCBI,1.1
YP_008240890.1,hypothetical protein Phi19:3_gp105 [Cellulophaga phage phi19:3],NCBI,3
AGO49338.1,structural protein [Cellulophaga phage phi3:1],NCBI,
AGO49298.1,hypothetical protein Phi38:2_gp59 [Cellulophaga phage phi38:2],NCBI,>100
YP_008242160.1,hypothetical protein Phi39:1_gp08 [Cellulophaga phage phi39:1],NCBI,39
YP_008241125.1,tail fiber protein [Cellulophaga phage phi46:3],NCBI,
AGO49757.1,structural protein [Cellulophaga phage phi47:1],NCBI,
YP_007673462.1,virion structural protein [Cellulophaga phage phiST],NCBI,
ADR30484.1,DNA encapsidation protein [Clostridium phage CpV1],NCBI,
AEW47854.1,hypothetical protein phi24R_gp22 [Clostridium phage phi24R],NCBI,6.6
YP_006383583.1,hypothetical protein phiCP7R_002 [Clostridium phage phiCP7R],NCBI,0.88
YP_006488643.1,hypothetical protein PHICPV4_gp28 [Clostridium phage phiCPV4],NCBI,>100
YP_006488656.1,hypothetical protein PHIZP2_gp13 [Clostridium phage phiZP2],NCBI,0.66
YP_006987080.1,hypothetical protein GAP31_244 [Cronobacter phage vB_CsaM_GAP31],NCBI,2.5
YP_006987213.1,hypothetical protein GAP32_110 [Cronobacter phage vB_CsaM_GAP32],NCBI,1.9
YP_007348364.1,terminase large subunit [Cronobacter phage vB_CskP_GAP227],NCBI,
YP_007003144.1,hypothetical protein F362_gp21 [Enterobacter phage EcP1],NCBI,18
ABQ88395.1,putative head completion protein [Enterobacteria phage CUS-3],NCBI,
CAJ29341.1,gp0.2 protein [Escherichia phage K1F],NCBI,
YP_338104.1,hypothetical protein [Escherichia phage K1F],NCBI,2.5
CBY99505.1,Phi92_gp077 [Escherichia phage phi92],NCBI,
CBY99592.1,Phi92_gp163 [Escherichia phage phi92],NCBI,
YP_006987809.1,acetyl-CoA acetyltransferase [Escherichia phage vB_EcoP_ACG-C91],NCBI,
YP_001039662.1,hypothetical protein Era103g31 [Erwinia phage Era103],NCBI,3.8
YP_009004842.1,hypothetical protein Ea357_050 [Erwinia phage Ea35-70],NCBI,0.81
YP_009007449.1,hypothetical protein Ea92_71 [Erwinia phage Ea9-2],NCBI,7.1
YP_005098450.1,hypothetical protein PEp14_00046 [Erwinia phage PEp14],NCBI,2.9
CBX45112.1,hypothetical protein P100_00490 [Erwinia phage phiEa100],NCBI,>100
CBX44503.1,small terminase subunit protein [Erwinia phage phiEa1H],NCBI,
YP_009010196.1,hypothetical protein CF95_gp143 [Erwinia phage PhiEaH1],NCBI,33
AFQ96677.1,hypothetical protein [Erwinia phage phiEaH2],NCBI,0.37
YP_004327321.1,tail length tape measure protein [Erwinia phage phiEt88],NCBI,
AEJ81501.1,major capsid protein [Erwinia phage vB_EamP-L1],NCBI,
AFO10354.1,vrlC protein [Escherichia phage ECML-4],NCBI,
ADA82326.1,putative Mte8-like protein [Escherichia phage K1H],NCBI,
ADA82283.1,hypothetical protein [Escherichia phage K1G],NCBI,6.6
ADA82457.1,hypothetical protein [Escherichia phage K1ind3],NCBI,0.59
ADA82375.1,putative helicase [Escherichia phage K1ind1],NCBI,
AGC35201.1,hypothetical protein [Escherichia phage PBECO4],NCBI,>100
YP_007348548.1,tail protein [Escherichia phage phAPEC8],NCBI,
YP_007348531.1,tail fiber protein [Escherichia phage phAPEC8],NCBI,
YP_654116.1,15.5 [Escherichia phage K1-5],NCBI,
YP_654132.1,31 [Escherichia phage K1-5],NCBI,
CAJ29442.1,gp33 protein [Escherichia phage K1E],NCBI,
YP_398952.1,hypothetical protein rtp8 [Escherichia phage Rtp],NCBI,9.2
ADA79882.1,hypothetical protein CU5_02 [Lactobacillus phage phiPYB5],NCBI,>100
ADA79884.1,phage head maturation protease [Lactobacillus phage phiPYB5],NCBI,
YP_009044223.1,hypothetical protein HL53_gp16 [Leuconostoc phage phiLNTR3],NCBI,0.59
YP_007002900.1,internal virion protein with endolysin domain [Pantoea phage LIMElight],NCBI,
YP_007010659.1,HNH endonuclease [Pectobacterium phage PP1],NCBI,
YP_214558.1,PhoH-like phosphate starvation-inducible [Prochlorococcus phage P-SSM2],NCBI,
AGN12395.1,hypothetical protein PRTG_00242 [Prochlorococcus phage P-SSM5],NCBI,>100
YP_007237198.1,hypothetical protein G169_gp23 [Pseudomonas phage AF],NCBI,0.31
AFH14782.1,hypothetical protein Lu11_0246 [Pseudomonas phage Lu11],NCBI,>100
YP_004286220.1,internal virion protein [Pseudomonas phage phi15],NCBI,
CCE60825.1,terminase small subunit [Pseudomonas phage tf],NCBI,
ADD80895.1,tail fiber protein [Rhodococcus phage ReqiPepy6],NCBI,
ADD81002.1,gp004 [Rhodococcus phage ReqiPoco6],NCBI,
ABA54610.2,Ant [Salmonella phage epsilon34],NCBI,
AGF88606.1,hypothetical protein SP063_00777 [Salmonella phage FSL SP-063],NCBI,0.026
AGY47579.1,hypothetical protein Marshall_62 [Salmonella phage Marshall],NCBI,4.8
AGY47576.1,major capsid protein [Salmonella phage Marshall],NCBI,
AGY47739.1,hypothetical protein Maynard_17 [Salmonella phage Maynard],NCBI,0.89
YP_004893893.1,hypothetical protein PVP-SE1_gp086 [Salmonella phage PVPSE1],NCBI,1.2
YP_007008116.1,tail protein [Salmonella phage Sh19],NCBI,
AFU63698.1,hypothetical protein [Salmonella phage SSE121],NCBI,10
NP_112067.1,antitermination protein [Enterobacteria phage HK620],NCBI,
YP_004327579.1,putative uncharacterised protein [Salmonella phage Vi01],NCBI,
YP_008130353.1,hypothetical protein Eta_0060 [Serratia phage Eta],NCBI,0.31
AFX93596.1,ribonucleoside-diphosphate reductase alpha subunit [Serratia phage phiMAM1],NCBI,
AFX93592.1,hypothetical protein MAM_124 [Serratia phage phiMAM1],NCBI,0.97
AFX93558.1,hypothetical protein MAM_090 [Serratia phage phiMAM1],NCBI,38
AAQ12211.1,gene 21 protein [Shigella phage Sf6],NCBI,
AIA64098.1,hypothetical protein PHAGE6E_72 [Staphylococcus phage 6ec],NCBI,12
AHG23936.1,hypothetical protein SEP9_013 [Staphylococcus phage vB_SepS_SEP9],NCBI,9.2
YP_240077.1,scaffolding protein [Staphylococcus phage 37],NCBI,
YP_950640.1,Sak-like ssDNA annealing protein [Staphylococcus phage CNPH82],NCBI,
AFM73747.1,DNA replication protein [Staphylococcus phage Ipla5],NCBI,
AFM73786.1,hypothetical protein IPLA7_0016 [Staphylococcus phage Ipla7],NCBI,1.4
YP_950673.1,HK97 gp10 family protein [Staphylococcus phage PH15],NCBI,
CBW38984.1,Phage protein [Streptococcus phage 040922],NCBI,
CBW39252.1,Phage terminase small subunit [Streptococcus phage 2167],NCBI,
CBW39063.1,Single stranded DNA binding protein [Streptococcus phage 34117],NCBI,
CBW39187.1,Phage protein [Streptococcus phage 8140],NCBI,
YP_009043979.1,Phage protein [Streptococcus phage IC1],NCBI,
YP_009042718.1,holin [Streptococcus phage K13],NCBI,
ABL61035.1,hypothetical protein [Streptococcus phage P9],NCBI,21
AHN84616.1,hypothetical protein [Streptococcus phage Spn1],NCBI,3.3
CBW38965.1,Putative phage repressor protein [Streptococcus phage V22],NCBI,
YP_008050860.1,hypothetical protein M051_gp03 [Streptomyces phage Lika],NCBI,9.2
AFV51386.1,hypothetical protein [Streptomyces phage phiCAM],NCBI,0.2
AFO10883.1,tape measure protein [Streptomyces phage phiELB20],NCBI,
YP_006906240.1,putative dNMP kinase [Streptomyces phage phiHau3],NCBI,
YP_003714764.1,gp14 [Streptomyces phage phiSASD1],NCBI,
YP_006990141.1,hypothetical protein D854_gp62 [Streptomyces phage R4],NCBI,>100
YP_008051439.1,hypothetical protein M050_gp37 [Streptomyces phage Sujidade],NCBI,3.9
YP_008060277.1,hypothetical protein M183_gp44 [Streptomyces phage Zemlya],NCBI,1
AAL15048.1,hypothetical protein-phage associated [Temperate phage phiNIH1.1],NCBI,>100
AEX65677.1,hypothetical protein DIBBI_009 [Xanthomonas phage vB_XveM_DIBBI],NCBI,1.1
ARV77598.1,hypothetical protein [Pasteurella phage vB_PmuP_PHB02],NCBI,13
ASD51036.1,HNS binding protein [Pasteurella phage PHB01],NCBI,
QHI00781.1,receptor binding protein kinase [Escherichia phage vB_EcoP_PHB19],NCBI,
YP_009592224.1,structural protein [Acinetobacter phage vB_AbaM-IME-AB2],NCBI,
QYC50647.1,DNA ligase [Acinetobacter phage vB_Api_3043-K38],NCBI,
QUU29415.1,putative single stranded DNA binding protein [Klebsiella phage RAD2],NCBI,
NP_853600.1,terminase small subunit [Salmonella phage SP6],NCBI,
NP_853606.1,endolysin [Salmonella phage SP6],NCBI,
ARM70422.1,hypothetical protein vBEcoMECOO78_17 [Escherichia phage vB_EcoM_ECOO78],NCBI,8.6
YP_009006537.1,holin/anti-holin [Acinetobacter phage Petty],NCBI,
YP_009195348.1,hypothetical protein AVT39_gp08 [Klebsiella phage KLPN1],NCBI,7.9
YP_009195351.1,hypothetical protein AVT39_gp11 [Klebsiella phage KLPN1],NCBI,1.5
APZ82801.1,hypothetical protein k52_034 [Klebsiella phage K5-2],NCBI,3.1
APZ82828.1,hypothetical protein k54_018 [Klebsiella phage K5-4],NCBI,3.4
APZ82824.1,hypothetical protein k54_014 [Klebsiella phage K5-4],NCBI,0.59
YP_008532015.1,hypothetical protein P748_gp064 [Klebsiella phage 0507-KN2-1],NCBI,8.3
QQO97003.1,endolysin [Acinetobacter phage vB_AbaP_APK26],NCBI,
YP_003347677.1,hypothetical protein KP-KP34p26 [Klebsiella phage KP34],NCBI,0.16
AUV61506.1,internal virion protein D [Klebsiella phage SH-Kp 152410],NCBI,
QOV05423.1,DNA ligase [Klebsiella phage P510],NCBI,
BAP15744.1,hypothetical protein [Klebsiella phage NTUH-K2044-K1-1],NCBI,8.5
sp|Q04831.1|GLNA_PANAR,RecName: Full=Glutamine synthetase; AltName: Full=Glutamate--ammonia ligase,NCBI,
YP_004678722.1,hypothetical protein EnPhK30_gp01 [Escherichia phage K30],NCBI,21
YP_004678739.1,DNA primase/helicase [Escherichia phage K30],NCBI,
CAA71134.1,K5 hypothetical protein [Escherichia virus K5],NCBI,
ALJ97680.1,hypothetical protein [Acinetobacter phage IME-200],NCBI,>100
ALT58481.1,hypothetical protein [Klebsiella phage vB_KpnP_IME205],NCBI,>100
ALT58480.1,HNS binding protein [Klebsiella phage vB_KpnP_IME205],NCBI,
YP_009226016.1,transcriptional regulator [Klebsiella phage KP36],NCBI,
YP_009226003.1,tail length tape measure protein [Klebsiella phage KP36],NCBI,
YP_003347559.1,phage lambda Rz1-like protein [Klebsiella phage KP32],NCBI,
ATG86259.1,capsid and scaffold protein [Pseudomonas phage IME180],NCBI,
ASN73500.1,tail tubular protein B [Acinetobacter phage vB_ApiP_P1],NCBI,
ASN73562.1,DNA maturase B [Acinetobacter phage vB_ApiP_P2],NCBI,
AWD93197.1,DNA primase/helicase [Acinetobacter phage vB_AbaM_B9],NCBI,
ASN73404.1,DNA maturase A [Acinetobacter phage vB_AbaP_B3],NCBI,
YP_001522857.1,hypothetical protein AV952_gp16 [Pseudomonas phage LKA1],NCBI,51
BBF66881.1,capsid and scaffold protein [Klebsiella phage KN4-1],NCBI,
BAQ02819.1,topoisomerase II large subunit [Klebsiella phage K64-1],NCBI,
BAQ02824.1,hypothetical protein [Klebsiella phage K64-1],NCBI,25
BAQ02830.1,bifunctional nicotinamide mononucleotide adenylyltransferase/ADP-ribose [Klebsiella phage K64-1],NCBI,
BAQ02820.1,putative Hef-like homing endonuclease [Klebsiella phage K64-1],NCBI,
BAQ02832.1,PhoH-like protein [Klebsiella phage K64-1],NCBI,
BAQ02823.1,hypothetical protein [Klebsiella phage K64-1],NCBI,5.1
BAQ02809.1,hypothetical protein [Klebsiella phage K64-1],NCBI,1.2
BAQ02829.1,DNA ligase [Klebsiella phage K64-1],NCBI,
BAQ02828.1,hypothetical protein [Klebsiella phage K64-1],NCBI,>100
QQM15508.1,hypothetical protein BECP10_00019 [Escherichia phage vB_EcoS-BECP10],NCBI,23
QTP95994.1,tail fiber protein [Klebsiella phage B1],NCBI,
AEM91884.1,gp20 portal vertex protein of head [Escherichia phage Cba120],NCBI,
AEM91856.1,conserved hypothetical phage protein [Escherichia phage Cba120],NCBI,
AEM91848.1,conserved hypothetical phage protein [Escherichia phage Cba120],NCBI,
QHS01512.1,5'-3' exonuclease [Acinetobacter phage vB_AbaP_APK116],NCBI,
AZU99208.1,hypothetical protein APK2_09 [Acinetobacter phage vB_AbaP_APK2],NCBI,1.8
AZU99370.1,DNA helicase [Acinetobacter phage vB_AbaP_APK32],NCBI,
AZU99436.1,scaffolding protein [Acinetobacter phage vB_AbaP_APK37],NCBI,
QGK90407.1,hypothetical protein APK44_07 [Acinetobacter phage vB_AbaP_APK44],NCBI,0.12
QFG06918.1,hypothetical protein APK48_01 [Acinetobacter phage vB_AbaP_APK48],NCBI,0.21
QGK90451.1,hypothetical protein APK87_01 [Acinetobacter phage vB_AbaP_APK87],NCBI,40
QGK90349.1,hypothetical protein APK89_01 [Acinetobacter phage vB_AbaP_APK89],NCBI,38
QYC51804.1,putative recombinase [Proteus phage vB_PmiS_PM-CJR],NCBI,
ANH51879.1,hypothetical protein RAY_98 [Erwinia phage vB_EamM_RAY],NCBI,2
AMQ66479.1,putative HNH endonuclease [Klebsiella phage KpV71],NCBI,
APZ82739.1,hypothetical protein kpv74_27 [Klebsiella phage vB_KpnP_KpV74],NCBI,>100
YP_009302752.1,hypothetical protein BJD76_gp48 [Klebsiella phage KpV71],NCBI,15
ATI16479.1,hypothetical protein kpv79_26 [Klebsiella phage vB_KpnM_KpV79],NCBI,1.5
AOZ65513.1,putative tail tubular protein A [Klebsiella phage vB_KpnP_KpV767],NCBI,
AXE28423.1,hypothetical protein [Klebsiella phage vB_KpnP_IME321],NCBI,3.9
AYP68909.1,hypothetical protein [Acinetobacter phage vB_AbaM_IME285],NCBI,3.7
Enzybase: EN92939118,Enzybase: phage,EnzyBase (doi: 10.1186/1471-2180-12-54),
Enzybase: EN89057414,Enzybase: phage,EnzyBase (doi: 10.1186/1471-2180-12-54),
Enzybase: EN8103819,Enzybase: phage,EnzyBase (doi: 10.1186/1471-2180-12-54),
Enzybase: EN96267120,Enzybase: phage,EnzyBase (doi: 10.1186/1471-2180-12-54),
Enzybase: EN80018818,Enzybase: phage,EnzyBase (doi: 10.1186/1471-2180-12-54),
Enzybase: EN78636087,Enzybase: phage,EnzyBase (doi: 10.1186/1471-2180-12-54),
Enzybase: EN10753092,"Enzybase: Lysostaphin,lysostaphin",EnzyBase (doi: 10.1186/1471-2180-12-54),
Enzybase: EN61355328,Enzybase: Lysozyme,EnzyBase (doi: 10.1186/1471-2180-12-54),
Enzybase: EN17583621,Enzybase: bacteriocin,EnzyBase (doi: 10.1186/1471-2180-12-54),
Enzybase: EN21942990,Enzybase: bacteriocin,EnzyBase (doi: 10.1186/1471-2180-12-54),
Enzybase: EN9175723,Enzybase: bacteriocin,EnzyBase (doi: 10.1186/1471-2180-12-54),
Enzybase: EN53878430,Enzybase: bacteriocin,EnzyBase (doi: 10.1186/1471-2180-12-54),
Enzybase: EN60405144,Enzybase: bacteriocin,EnzyBase (doi: 10.1186/1471-2180-12-54),
Enzybase: EN67892217,Enzybase: bacteriocin,EnzyBase (doi: 10.1186/1471-2180-12-54),
Enzybase: EN23044350,Enzybase: bacteriocin,EnzyBase (doi: 10.1186/1471-2180-12-54),
Enzybase: EN3016141,Enzybase: bacteriocin,EnzyBase (doi: 10.1186/1471-2180-12-54),
Enzybase: EN54888642,Enzybase: bacteriocin,EnzyBase (doi: 10.1186/1471-2180-12-54),
Enzybase: EN45134330,Enzybase: bacteriocin,EnzyBase (doi: 10.1186/1471-2180-12-54),
Enzybase: EN7123839,Enzybase: bacteriocin,EnzyBase (doi: 10.1186/1471-2180-12-54),
Enzybase: EN57259100,Enzybase: bacteriocin,EnzyBase (doi: 10.1186/1471-2180-12-54),
Enzybase: EN8223960,Enzybase: bacteriocin,EnzyBase (doi: 10.1186/1471-2180-12-54),
Enzybase: EN90432448,Enzybase: bacteriocin,EnzyBase (doi: 10.1186/1471-2180-12-54),
Enzybase: EN90734529,Enzybase: bacteriocin,EnzyBase (doi: 10.1186/1471-2180-12-54),
Enzybase: EN65746186,Enzybase: bacteriocin,EnzyBase (doi: 10.1186/1471-2180-12-54),
Enzybase: EN74532571,Enzybase: bacteriocin,EnzyBase (doi: 10.1186/1471-2180-12-54),
Enzybase: EN30596173,Enzybase: bacteriocin,EnzyBase (doi: 10.1186/1471-2180-12-54),
Enzybase: EN1675408,Enzybase: bacteriocin,EnzyBase (doi: 10.1186/1471-2180-12-54),
Enzybase: EN33628759,Enzybase: bacteriocin,EnzyBase (doi: 10.1186/1471-2180-12-54),
Enzybase: EN2807448,Enzybase: bacteriocin,EnzyBase (doi: 10.1186/1471-2180-12-54),
Enzybase: EN27193846,Enzybase: bacteriocin,EnzyBase (doi: 10.1186/1471-2180-12-54),
Enzybase: EN23942743,Enzybase: bacteriocin,EnzyBase (doi: 10.1186/1471-2180-12-54),
Enzybase: EN67107854,Enzybase: bacteriocin,EnzyBase (doi: 10.1186/1471-2180-12-54),
Enzybase: EN22315427,Enzybase: bacteriocin,EnzyBase (doi: 10.1186/1471-2180-12-54),
Enzybase: EN75355386,Enzybase: phage,EnzyBase (doi: 10.1186/1471-2180-12-54),
Enzybase: EN68741468,Enzybase: bacteriocin,EnzyBase (doi: 10.1186/1471-2180-12-54),
Enzybase: EN61244992,Enzybase: bacteriocin,EnzyBase (doi: 10.1186/1471-2180-12-54),
Enzybase: EN33587302,Enzybase: bacteriocin,EnzyBase (doi: 10.1186/1471-2180-12-54),
Enzybase: EN56194554,Enzybase: bacteriocin,EnzyBase (doi: 10.1186/1471-2180-12-54),
Enzybase: EN6967101,Enzybase: Phage,EnzyBase (doi: 10.1186/1471-2180-12-54),
Enzybase: EN66148036,Enzybase: bacteriocin,EnzyBase (doi: 10.1186/1471-2180-12-54),
Enzybase: EN5236286,Enzybase: bacteriocin,EnzyBase (doi: 10.1186/1471-2180-12-54),
Enzybase: EN2996216,Enzybase: bacteriocin,EnzyBase (doi: 10.1186/1471-2180-12-54),
Enzybase: EN93512095,Enzybase: bacteriocin,EnzyBase (doi: 10.1186/1471-2180-12-54),
Enzybase: EN83237031,Enzybase: phage,EnzyBase (doi: 10.1186/1471-2180-12-54),
Enzybase: EN80285743,Enzybase: bacteriocin,EnzyBase (doi: 10.1186/1471-2180-12-54),
Enzybase: EN7051306,Enzybase: bacteriocin,EnzyBase (doi: 10.1186/1471-2180-12-54),
Enzybase: EN57446868,Enzybase: bacteriocin,EnzyBase (doi: 10.1186/1471-2180-12-54),
Enzybase: EN90307072,Enzybase: bacteriocin,EnzyBase (doi: 10.1186/1471-2180-12-54),
Enzybase: EN72026338,Enzybase: bacteriocin,EnzyBase (doi: 10.1186/1471-2180-12-54),
Enzybase: EN97756712,Enzybase: bacteriocin,EnzyBase (doi: 10.1186/1471-2180-12-54),
Enzybase: EN86503233,Enzybase: bacteriocin,EnzyBase (doi: 10.1186/1471-2180-12-54),
Enzybase: EN4636394,Enzybase: bacteriocin,EnzyBase (doi: 10.1186/1471-2180-12-54),
Enzybase: EN19419662,Enzybase: bacteriocin,EnzyBase (doi: 10.1186/1471-2180-12-54),
Enzybase: EN2894380,Enzybase: bacteriocin,EnzyBase (doi: 10.1186/1471-2180-12-54),
Enzybase: EN24570,Enzybase: bacteriocin,EnzyBase (doi: 10.1186/1471-2180-12-54),
Enzybase: EN37054506,Enzybase: bacteriocin,EnzyBase (doi: 10.1186/1471-2180-12-54),
Enzybase: EN20873306,Enzybase: bacteriocin,EnzyBase (doi: 10.1186/1471-2180-12-54),
Enzybase: EN11119238,Enzybase: bacteriocin,EnzyBase (doi: 10.1186/1471-2180-12-54),
Enzybase: EN93342184,Enzybase: bacteriocin,EnzyBase (doi: 10.1186/1471-2180-12-54),
Enzybase: EN11824357,Enzybase: bacteriocin,EnzyBase (doi: 10.1186/1471-2180-12-54),
Enzybase: EN80234505,Enzybase: bacteriocin,EnzyBase (doi: 10.1186/1471-2180-12-54),
Enzybase: EN7069907,Enzybase: bacteriocin,EnzyBase (doi: 10.1186/1471-2180-12-54),
Enzybase: EN53618392,Enzybase: bacteriocin,EnzyBase (doi: 10.1186/1471-2180-12-54),
Enzybase: EN5046348,Enzybase: phage,EnzyBase (doi: 10.1186/1471-2180-12-54),
Enzybase: EN90773692,Enzybase: phage,EnzyBase (doi: 10.1186/1471-2180-12-54),
Enzybase: EN31077929,Enzybase: phage,EnzyBase (doi: 10.1186/1471-2180-12-54),
Enzybase: EN64475597,Enzybase: bacteriocin,EnzyBase (doi: 10.1186/1471-2180-12-54),
Enzybase: EN69693303,Enzybase: bacteriocin,EnzyBase (doi: 10.1186/1471-2180-12-54),
Enzybase: EN22799112,Enzybase: bacteriocin,EnzyBase (doi: 10.1186/1471-2180-12-54),
Enzybase: EN53620,Enzybase: bacteriocin,EnzyBase (doi: 10.1186/1471-2180-12-54),
Enzybase: EN2346664,Enzybase: bacteriocin,EnzyBase (doi: 10.1186/1471-2180-12-54),
Enzybase: EN49872058,Enzybase: bacteriocin,EnzyBase (doi: 10.1186/1471-2180-12-54),
Enzybase: EN66003321,Enzybase: bacteriocin,EnzyBase (doi: 10.1186/1471-2180-12-54),
Enzybase: EN73932707,Enzybase: bacteriocin,EnzyBase (doi: 10.1186/1471-2180-12-54),
Enzybase: EN53723556,Enzybase: bacteriocin,EnzyBase (doi: 10.1186/1471-2180-12-54),
Enzybase: EN38682376,Enzybase: bacteriocin,EnzyBase (doi: 10.1186/1471-2180-12-54),
Enzybase: EN40325764,Enzybase: bacteriocin,EnzyBase (doi: 10.1186/1471-2180-12-54),
Enzybase: EN68656661,Enzybase: bacteriocin,EnzyBase (doi: 10.1186/1471-2180-12-54),
Enzybase: EN67849584,Enzybase: bacteriocin,EnzyBase (doi: 10.1186/1471-2180-12-54),
Enzybase: EN12643922,Enzybase: bacteriocin,EnzyBase (doi: 10.1186/1471-2180-12-54),
Enzybase: EN92511660,Enzybase: bacteriocin,EnzyBase (doi: 10.1186/1471-2180-12-54),
Enzybase: EN72533055,Enzybase: bacteriocin,EnzyBase (doi: 10.1186/1471-2180-12-54),
Enzybase: EN47322058,Enzybase: bacteriocin,EnzyBase (doi: 10.1186/1471-2180-12-54),
Enzybase: EN47231143,Enzybase: bacteriocin,EnzyBase (doi: 10.1186/1471-2180-12-54),
Enzybase: EN30497153,Enzybase: phage,EnzyBase (doi: 10.1186/1471-2180-12-54),
Enzybase: EN4283676,Enzybase: bacteriocin,EnzyBase (doi: 10.1186/1471-2180-12-54),
Enzybase: EN191420,Enzybase: bacteriocin,EnzyBase (doi: 10.1186/1471-2180-12-54),
Enzybase: EN66562099,Enzybase: phage,EnzyBase (doi: 10.1186/1471-2180-12-54),
Enzybase: EN18024552,Enzybase: bacteriocin,EnzyBase (doi: 10.1186/1471-2180-12-54),
Enzybase: EN58026686,Enzybase: bacteriocin,EnzyBase (doi: 10.1186/1471-2180-12-54),
Enzybase: EN4815120,Enzybase: phage,EnzyBase (doi: 10.1186/1471-2180-12-54),
Enzybase: EN54061055,Enzybase: phage,EnzyBase (doi: 10.1186/1471-2180-12-54),
Enzybase: EN92515250,Enzybase: phage,EnzyBase (doi: 10.1186/1471-2180-12-54),
Enzybase: EN24579317,Enzybase: bacteriocin,EnzyBase (doi: 10.1186/1471-2180-12-54),
Enzybase: EN6009988,Enzybase: bacteriocin,EnzyBase (doi: 10.1186/1471-2180-12-54),
Enzybase: EN40381627,"Enzybase: bacteriocin,MurA",EnzyBase (doi: 10.1186/1471-2180-12-54),
Enzybase: EN902196,Enzybase: Endolysin,EnzyBase (doi: 10.1186/1471-2180-12-54),
Enzybase: EN42419366,Enzybase: Autolytic,EnzyBase (doi: 10.1186/1471-2180-12-54),
YP_851109.1,metallo-endopeptidase,doi: 10.1128/jvi.00321-21,
YP_529586.1,endolysin,doi: 10.1128/jvi.00321-21,
YP_337984.1,endolysin,doi: 10.1128/jvi.00321-21,
YP_164437.1,endolysin,doi: 10.1128/jvi.00321-21,
YP_164326.1,glycoside,doi: 10.1128/jvi.00321-21,
YP_164061.1,endolysin,doi: 10.1128/jvi.00321-21,
YP_009639755.1,endolysin,doi: 10.1128/jvi.00321-21,
YP_009625656.1,L-alanyl-D-glutamate,doi: 10.1128/jvi.00321-21,
YP_009625403.1,baseplate,doi: 10.1128/jvi.00321-21,
YP_009622948.1,putative,doi: 10.1128/jvi.00321-21,
YP_009620696.1,putative,doi: 10.1128/jvi.00321-21,
YP_009619926.1,endolysin,doi: 10.1128/jvi.00321-21,
YP_009615080.1,endolysin,doi: 10.1128/jvi.00321-21,
YP_009613251.1,endolysin,doi: 10.1128/jvi.00321-21,
YP_009609055.1,endolysin,doi: 10.1128/jvi.00321-21,
YP_009607213.1,tail,doi: 10.1128/jvi.00321-21,
YP_009603884.1,major,doi: 10.1128/jvi.00321-21,
YP_009601505.1,tail,doi: 10.1128/jvi.00321-21,
YP_009600755.1,amidase,doi: 10.1128/jvi.00321-21,
YP_009597007.1,endolysin,doi: 10.1128/jvi.00321-21,
YP_009596772.1,endolysin,doi: 10.1128/jvi.00321-21,
YP_009596369.1,endolysin,doi: 10.1128/jvi.00321-21,
YP_009595840.1,endolysin,doi: 10.1128/jvi.00321-21,
YP_009595839.1,endolysin,doi: 10.1128/jvi.00321-21,
YP_009595180.1,amidase,doi: 10.1128/jvi.00321-21,
YP_009303945.1,endolysin,doi: 10.1128/jvi.00321-21,
YP_009303467.1,lysin,doi: 10.1128/jvi.00321-21,
YP_009300694.1,endolysin,doi: 10.1128/jvi.00321-21,
YP_009293507.1,endolysin,doi: 10.1128/jvi.00321-21,
YP_009285532.1,endolysin,doi: 10.1128/jvi.00321-21,
YP_009283099.1,endolysin,doi: 10.1128/jvi.00321-21,
YP_009282954.1,lysM,doi: 10.1128/jvi.00321-21,
YP_009282925.1,endolysin,doi: 10.1128/jvi.00321-21,
YP_009277402.1,endolysin,doi: 10.1128/jvi.00321-21,
YP_009276862.1,endolysin,doi: 10.1128/jvi.00321-21,
YP_009275265.1,endolysin,doi: 10.1128/jvi.00321-21,
YP_009274740.1,endolysin,doi: 10.1128/jvi.00321-21,
YP_009273353.1,endolysin,doi: 10.1128/jvi.00321-21,
YP_009225774.1,endolysin,doi: 10.1128/jvi.00321-21,
YP_009223124.1,endolysin,doi: 10.1128/jvi.00321-21,
YP_009221645.1,Cell,doi: 10.1128/jvi.00321-21,
YP_009218085.1,endolysin,doi: 10.1128/jvi.00321-21,
YP_009215533.1,endolysin,doi: 10.1128/jvi.00321-21,
YP_009210054.1,lytic,doi: 10.1128/jvi.00321-21,
YP_009209309.1,endolysin,doi: 10.1128/jvi.00321-21,
YP_009208181.1,endolysin,doi: 10.1128/jvi.00321-21,
YP_009206875.1,endolysin,doi: 10.1128/jvi.00321-21,
YP_009206322.1,amidase,doi: 10.1128/jvi.00321-21,
YP_009205384.1,endolysin,doi: 10.1128/jvi.00321-21,
YP_009203200.1,endolysin,doi: 10.1128/jvi.00321-21,
YP_009201767.1,endolysin,doi: 10.1128/jvi.00321-21,
YP_009195893.1,endolysin,doi: 10.1128/jvi.00321-21,
YP_009195778.1,endolysin,doi: 10.1128/jvi.00321-21,
YP_009195276.1,endolysin,doi: 10.1128/jvi.00321-21,
YP_009194392.1,hypothetical,doi: 10.1128/jvi.00321-21,0.73
YP_009193501.1,endolysin,doi: 10.1128/jvi.00321-21,
YP_009189881.1,endolysin,doi: 10.1128/jvi.00321-21,
YP_009168365.1,endolysin,doi: 10.1128/jvi.00321-21,
YP_009151490.1,endolysin,doi: 10.1128/jvi.00321-21,
YP_009149816.1,endolysin,doi: 10.1128/jvi.00321-21,
YP_009126476.1,endolysin,doi: 10.1128/jvi.00321-21,
YP_009126053.1,endolysin,doi: 10.1128/jvi.00321-21,
YP_009124006.1,endolysin,doi: 10.1128/jvi.00321-21,
YP_009113105.1,endolysin,doi: 10.1128/jvi.00321-21,
YP_009111224.1,endolysin,doi: 10.1128/jvi.00321-21,
YP_009110755.1,endolysin,doi: 10.1128/jvi.00321-21,
YP_009103690.1,endolysin,doi: 10.1128/jvi.00321-21,
YP_009103485.1,endolysin,doi: 10.1128/jvi.00321-21,
YP_009101396.1,endolysin,doi: 10.1128/jvi.00321-21,
YP_009099088.1,endolysin,doi: 10.1128/jvi.00321-21,
YP_009097929.1,putative,doi: 10.1128/jvi.00321-21,
YP_009044337.1,baseplate,doi: 10.1128/jvi.00321-21,
YP_009043914.1,lysozyme,doi: 10.1128/jvi.00321-21,
YP_009036962.1,endolysin,doi: 10.1128/jvi.00321-21,
YP_009036901.1,endolysin,doi: 10.1128/jvi.00321-21,
YP_009035938.1,lysin,doi: 10.1128/jvi.00321-21,
YP_009032165.1,endolysin,doi: 10.1128/jvi.00321-21,
YP_009021737.1,endolysin,doi: 10.1128/jvi.00321-21,
YP_009014430.1,endolysin,doi: 10.1128/jvi.00321-21,
YP_009008547.1,putative,doi: 10.1128/jvi.00321-21,
YP_009007624.1,endolysin,doi: 10.1128/jvi.00321-21,
YP_009006538.1,endolysin,doi: 10.1128/jvi.00321-21,
YP_009004301.1,CHAP,doi: 10.1128/jvi.00321-21,
YP_008857892.1,endolysin,doi: 10.1128/jvi.00321-21,
YP_008853935.1,endolysin,doi: 10.1128/jvi.00321-21,
YP_008853886.1,SAR,doi: 10.1128/jvi.00321-21,
YP_008771412.1,endolysin,doi: 10.1128/jvi.00321-21,
YP_008409873.1,lysin,doi: 10.1128/jvi.00321-21,
YP_008320104.1,endolysin,doi: 10.1128/jvi.00321-21,
YP_008241819.1,amidase,doi: 10.1128/jvi.00321-21,
YP_008241806.1,lysozyme,doi: 10.1128/jvi.00321-21,
YP_008241555.1,endolysin,doi: 10.1128/jvi.00321-21,
YP_008241380.1,endolysin,doi: 10.1128/jvi.00321-21,
YP_008241182.1,endolysin,doi: 10.1128/jvi.00321-21,
YP_008125918.1,transglycosylase,doi: 10.1128/jvi.00321-21,
YP_008061140.1,endolysin,doi: 10.1128/jvi.00321-21,
YP_008060123.1,endolysin,doi: 10.1128/jvi.00321-21,
YP_007878080.1,baseplate,doi: 10.1128/jvi.00321-21,
YP_007677995.1,endolysin,doi: 10.1128/jvi.00321-21,
YP_007518361.1,endolysin,doi: 10.1128/jvi.00321-21,
YP_007173630.1,endolysin,doi: 10.1128/jvi.00321-21,
YP_007111899.1,endolysin,doi: 10.1128/jvi.00321-21,
YP_007008041.1,baseplate,doi: 10.1128/jvi.00321-21,
YP_007007693.1,putative,doi: 10.1128/jvi.00321-21,
YP_007006989.1,peptidase,doi: 10.1128/jvi.00321-21,
YP_007006824.1,endolysin,doi: 10.1128/jvi.00321-21,
YP_007005916.1,endolysin,doi: 10.1128/jvi.00321-21,
YP_007005352.1,endolysin,doi: 10.1128/jvi.00321-21,
YP_007003516.1,endolysin,doi: 10.1128/jvi.00321-21,
YP_007003390.1,peptidase,doi: 10.1128/jvi.00321-21,
YP_007002003.1,endolysin,doi: 10.1128/jvi.00321-21,
YP_006990581.1,N-acetylmuramoyl-L-alanine,doi: 10.1128/jvi.00321-21,
YP_006989833.1,endolysin,doi: 10.1128/jvi.00321-21,
YP_006989827.1,putative,doi: 10.1128/jvi.00321-21,
YP_006988721.1,peptidase,doi: 10.1128/jvi.00321-21,
YP_006988271.1,peptidase,doi: 10.1128/jvi.00321-21,
YP_006987741.1,endolysin,doi: 10.1128/jvi.00321-21,
YP_006987338.1,baseplate,doi: 10.1128/jvi.00321-21,
YP_006560754.1,endolysin,doi: 10.1128/jvi.00321-21,
YP_006488664.1,peptidase,doi: 10.1128/jvi.00321-21,
YP_006383592.1,amidase,doi: 10.1128/jvi.00321-21,
YP_006383525.1,endolysin,doi: 10.1128/jvi.00321-21,
YP_006382644.1,putative,doi: 10.1128/jvi.00321-21,
YP_006218727.1,endolysin,doi: 10.1128/jvi.00321-21,
YP_005102482.1,endolysin,doi: 10.1128/jvi.00321-21,
YP_005098158.1,endolysin,doi: 10.1128/jvi.00321-21,
YP_005087315.1,transglycosylase,doi: 10.1128/jvi.00321-21,
YP_005087066.1,endolysin,doi: 10.1128/jvi.00321-21,
YP_004893952.1,endolysin,doi: 10.1128/jvi.00321-21,
YP_004300589.1,endolysin,doi: 10.1128/jvi.00321-21,
YP_003856822.1,endolysin,doi: 10.1128/jvi.00321-21,
YP_003358818.1,peptidoglycan,doi: 10.1128/jvi.00321-21,
YP_002790806.1,endolysin,doi: 10.1128/jvi.00321-21,
YP_002455807.1,endolysin,doi: 10.1128/jvi.00321-21,
YP_002261442.1,endolysin,doi: 10.1128/jvi.00321-21,
YP_001687525.1,endolysin,doi: 10.1128/jvi.00321-21,
YP_001595469.1,endolysin,doi: 10.1128/jvi.00321-21,
YP_001522894.1,putative,doi: 10.1128/jvi.00321-21,
YP_001469051.1,endolysin,doi: 10.1128/jvi.00321-21,
YP_001468954.1,endolysin,doi: 10.1128/jvi.00321-21,
YP_001429788.1,cell-wall,doi: 10.1128/jvi.00321-21,
YP_001294864.1,endolysin,doi: 10.1128/jvi.00321-21,
YP_001111104.1,endolysin,doi: 10.1128/jvi.00321-21,
VUF54511.1,putative,doi: 10.1128/jvi.00321-21,
SPL81324.1,N-acetylmuramoyl-L-alanine,doi: 10.1128/jvi.00321-21,
SCZ84051.1,N-acetylmuramoyl-L-alanine,doi: 10.1128/jvi.00321-21,
QIN94548.1,endolysin,doi: 10.1128/jvi.00321-21,
QIN94481.1,lysin,doi: 10.1128/jvi.00321-21,
QIA28716.1,endolysin,doi: 10.1128/jvi.00321-21,
QHR76084.1,putative,doi: 10.1128/jvi.00321-21,
QHI00582.1,lysin,doi: 10.1128/jvi.00321-21,
QHB43522.1,putative,doi: 10.1128/jvi.00321-21,
QHB37453.1,lysin,doi: 10.1128/jvi.00321-21,
QHB37351.1,lysin,doi: 10.1128/jvi.00321-21,
QHB36855.1,endolysin,doi: 10.1128/jvi.00321-21,
QHB36642.1,endolysin,doi: 10.1128/jvi.00321-21,
QGT53577.1,glycosyl,doi: 10.1128/jvi.00321-21,
QGJ97055.1,lysin,doi: 10.1128/jvi.00321-21,
QGJ96544.1,endolysin,doi: 10.1128/jvi.00321-21,
QGJ96199.1,lysin,doi: 10.1128/jvi.00321-21,
QGJ94151.1,lysin,doi: 10.1128/jvi.00321-21,
QGJ85117.1,lysin,doi: 10.1128/jvi.00321-21,
QGH75237.1,"endolysin,",doi: 10.1128/jvi.00321-21,
QGH74242.1,endolysin,doi: 10.1128/jvi.00321-21,
QGH73788.1,putative,doi: 10.1128/jvi.00321-21,
QGF21730.1,N-acetylmuramoyl-L-alanine,doi: 10.1128/jvi.00321-21,
QGF21721.1,LysM,doi: 10.1128/jvi.00321-21,
QGF21141.1,endolysin,doi: 10.1128/jvi.00321-21,
QFR57929.1,cell,doi: 10.1128/jvi.00321-21,
QFR56498.1,lysin,doi: 10.1128/jvi.00321-21,
QFR56412.1,endolysin,doi: 10.1128/jvi.00321-21,
QFG14375.1,lysin,doi: 10.1128/jvi.00321-21,
QFG14265.1,lysin,doi: 10.1128/jvi.00321-21,
QFG13613.1,lysin,doi: 10.1128/jvi.00321-21,
QFG13079.1,endolysin,doi: 10.1128/jvi.00321-21,
QFG12438.1,endolysin,doi: 10.1128/jvi.00321-21,
QFG12255.1,"endolysin,",doi: 10.1128/jvi.00321-21,
QFG11811.1,lysin,doi: 10.1128/jvi.00321-21,
QFG09568.1,lysin,doi: 10.1128/jvi.00321-21,
QFG07929.1,endolysin,doi: 10.1128/jvi.00321-21,
QFG05784.1,endolysin,doi: 10.1128/jvi.00321-21,
QEQ93869.1,lysin,doi: 10.1128/jvi.00321-21,
QEM41695.1,lysin,doi: 10.1128/jvi.00321-21,
QEM41309.1,peptidoglycan-binding,doi: 10.1128/jvi.00321-21,
QEM40853.1,peptidoglycan-binding,doi: 10.1128/jvi.00321-21,
QEG12163.1,putative,doi: 10.1128/jvi.00321-21,
QEG09502.1,endolysin,doi: 10.1128/jvi.00321-21,
QEG08218.1,cell,doi: 10.1128/jvi.00321-21,
QED11499.1,lysin,doi: 10.1128/jvi.00321-21,
QDM56035.1,lysin,doi: 10.1128/jvi.00321-21,
QDK01908.1,lysin,doi: 10.1128/jvi.00321-21,
QDH84982.1,lysin,doi: 10.1128/jvi.00321-21,
QDH84566.1,putative,doi: 10.1128/jvi.00321-21,
QDH83495.1,cell,doi: 10.1128/jvi.00321-21,
QDH46929.1,putative,doi: 10.1128/jvi.00321-21,
QDH46919.1,putative,doi: 10.1128/jvi.00321-21,
QDF20033.1,endolysin,doi: 10.1128/jvi.00321-21,
QDF19322.1,lysin,doi: 10.1128/jvi.00321-21,
QDF14894.1,N-acetylmuramoyl-L-alanine,doi: 10.1128/jvi.00321-21,
QDF13918.1,lysozyme,doi: 10.1128/jvi.00321-21,
QDB71399.1,peptidoglycan,doi: 10.1128/jvi.00321-21,
QDB71048.1,endolysin,doi: 10.1128/jvi.00321-21,
QDB70604.1,putative,doi: 10.1128/jvi.00321-21,
QCW19820.1,lysozyme,doi: 10.1128/jvi.00321-21,
QCG78279.1,lysin,doi: 10.1128/jvi.00321-21,
QCG76248.1,putative,doi: 10.1128/jvi.00321-21,
QBZ69561.1,CHAP,doi: 10.1128/jvi.00321-21,
QBZ68904.1,endolysin,doi: 10.1128/jvi.00321-21,
QBZ67140.1,cell,doi: 10.1128/jvi.00321-21,
QBX31876.1,cell,doi: 10.1128/jvi.00321-21,
QBX31521.1,lysin,doi: 10.1128/jvi.00321-21,
QBX31317.1,N-acetylmuramoyl-L-alanine,doi: 10.1128/jvi.00321-21,
QBX30794.1,lysin,doi: 10.1128/jvi.00321-21,
QBX27869.1,lysin,doi: 10.1128/jvi.00321-21,
QBX27196.1,cell,doi: 10.1128/jvi.00321-21,
QBX26469.1,cell,doi: 10.1128/jvi.00321-21,
QBX25851.1,endolysin,doi: 10.1128/jvi.00321-21,
QBX25801.1,N-acetylmuramoyl-L-alanine,doi: 10.1128/jvi.00321-21,
QBX24237.1,lysin,doi: 10.1128/jvi.00321-21,
QBX22842.1,lysin,doi: 10.1128/jvi.00321-21,
QBX22007.1,lysin,doi: 10.1128/jvi.00321-21,
QBX18296.1,cell,doi: 10.1128/jvi.00321-21,
QBX16588.1,lysin,doi: 10.1128/jvi.00321-21,
QBX16319.1,lysin,doi: 10.1128/jvi.00321-21,
QBX16196.1,cell,doi: 10.1128/jvi.00321-21,
QBX15581.1,N-acetylmuramoyl-L-alanine,doi: 10.1128/jvi.00321-21,
QBX06695.1,putative,doi: 10.1128/jvi.00321-21,
QBO66119.1,putative,doi: 10.1128/jvi.00321-21,
QBO63891.1,putative,doi: 10.1128/jvi.00321-21,
QBO63817.1,putative,doi: 10.1128/jvi.00321-21,
QBO61828.1,putative,doi: 10.1128/jvi.00321-21,
QBJ05132.1,N-acetylmuramoyl-L-alanine,doi: 10.1128/jvi.00321-21,
QBJ05085.1,peptidoglycan-binding,doi: 10.1128/jvi.00321-21,
QBJ05084.1,cell,doi: 10.1128/jvi.00321-21,
QBJ04121.1,N-acetylmuramoyl-L-alanine,doi: 10.1128/jvi.00321-21,
QBJ03792.1,lysin,doi: 10.1128/jvi.00321-21,
QBJ03751.1,lysin,doi: 10.1128/jvi.00321-21,
QBJ03583.1,peptidoglycan-binding,doi: 10.1128/jvi.00321-21,
QBJ03297.1,peptidoglycan,doi: 10.1128/jvi.00321-21,
QBJ01027.1,sporulation-specific,doi: 10.1128/jvi.00321-21,
QAY16135.1,lysin,doi: 10.1128/jvi.00321-21,
QAY15767.1,endolysin,doi: 10.1128/jvi.00321-21,
QAY14156.1,lysin,doi: 10.1128/jvi.00321-21,
QAX97323.1,endolysin,doi: 10.1128/jvi.00321-21,
QAX97233.1,endolysin,doi: 10.1128/jvi.00321-21,
NP_943772.1,endolysin,doi: 10.1128/jvi.00321-21,
EES90360.1,N-acetylmuramoyl-L-alanine,doi: 10.1128/jvi.00321-21,
CUQ99445.1,putative,doi: 10.1128/jvi.00321-21,
BBQ04299.1,N-acetylmuramoyl-L-alanine,doi: 10.1128/jvi.00321-21,
BBF66853.1,N-acetylmuramoyl-L-alanine,doi: 10.1128/jvi.00321-21,
BAL42323.1,putative,doi: 10.1128/jvi.00321-21,
AZU99073.1,endolysin,doi: 10.1128/jvi.00321-21,
AZS11721.1,lysin,doi: 10.1128/jvi.00321-21,
AZF88304.1,hypothetical,doi: 10.1128/jvi.00321-21,0.52
AZF88149.1,peptidase,doi: 10.1128/jvi.00321-21,
AZB66809.1,lysin,doi: 10.1128/jvi.00321-21,
AZA17185.1,MAG:,doi: 10.1128/jvi.00321-21,
AYR00996.1,lysin,doi: 10.1128/jvi.00321-21,
AYQ99931.1,lysin,doi: 10.1128/jvi.00321-21,
AYP68841.1,N-acetylmuramoyl-L-alanine,doi: 10.1128/jvi.00321-21,
AYP68733.1,N-acetylmuramoyl-L-alanine,doi: 10.1128/jvi.00321-21,
AYP68381.1,N-acetylmuramoyl-L-alanine,doi: 10.1128/jvi.00321-21,
AYP68267.1,N-acetylmuramoyl-L-alanine,doi: 10.1128/jvi.00321-21,
AYN57984.1,lysin,doi: 10.1128/jvi.00321-21,
AYN57979.1,lysin,doi: 10.1128/jvi.00321-21,
AYN56803.1,lysin,doi: 10.1128/jvi.00321-21,
AYN56748.1,lysin,doi: 10.1128/jvi.00321-21,
AYN55955.1,lysin,doi: 10.1128/jvi.00321-21,
AYD86213.1,endolysin,doi: 10.1128/jvi.00321-21,
AYD84612.1,lysin,doi: 10.1128/jvi.00321-21,
AYD82042.1,lysin,doi: 10.1128/jvi.00321-21,
AYB69452.1,lysin,doi: 10.1128/jvi.00321-21,
AXY85225.1,RegB,doi: 10.1128/jvi.00321-21,
AXY85212.1,peptidoglycan-binding,doi: 10.1128/jvi.00321-21,
AXY83944.1,endolysin,doi: 10.1128/jvi.00321-21,
AXY83793.1,putative,doi: 10.1128/jvi.00321-21,
AXY83360.1,lysozyme,doi: 10.1128/jvi.00321-21,
AXQ62732.1,glycoside,doi: 10.1128/jvi.00321-21,
AXN58343.1,N-acetylmuramoyl-L-alanine,doi: 10.1128/jvi.00321-21,
AXG50938.1,putative,doi: 10.1128/jvi.00321-21,
AXC34417.1,lysozyme,doi: 10.1128/jvi.00321-21,
AXC34386.1,lysozyme,doi: 10.1128/jvi.00321-21,
AWY10194.1,lysozyme,doi: 10.1128/jvi.00321-21,
AWY03479.1,lysin,doi: 10.1128/jvi.00321-21,
AWN09144.1,putative,doi: 10.1128/jvi.00321-21,
AWN07320.1,endolysin,doi: 10.1128/jvi.00321-21,
AWN03692.1,lysin,doi: 10.1128/jvi.00321-21,
AWN03639.1,lysin,doi: 10.1128/jvi.00321-21,
AWD93167.1,putative,doi: 10.1128/jvi.00321-21,
AWD93052.1,N-acetylmuramoyl-L-alanine,doi: 10.1128/jvi.00321-21,
AWD92272.1,putative,doi: 10.1128/jvi.00321-21,
AWD90812.1,lysozyme,doi: 10.1128/jvi.00321-21,
AVR76958.1,lysin,doi: 10.1128/jvi.00321-21,
AVO25125.1,lysin,doi: 10.1128/jvi.00321-21,
AVJ48988.1,N-acetylmuramidase,doi: 10.1128/jvi.00321-21,
AVH86153.1,putative,doi: 10.1128/jvi.00321-21,
AVH85638.1,lysozyme,doi: 10.1128/jvi.00321-21,
AUX81959.1,lysin,doi: 10.1128/jvi.00321-21,
AUV57328.1,lysin,doi: 10.1128/jvi.00321-21,
AUS03158.1,cell,doi: 10.1128/jvi.00321-21,
AUS02709.1,cell,doi: 10.1128/jvi.00321-21,
AUR98201.1,peptidoglycan,doi: 10.1128/jvi.00321-21,
AUR95209.1,lysozyme-like,doi: 10.1128/jvi.00321-21,
AUR93209.1,lysozyme,doi: 10.1128/jvi.00321-21,
AUR93136.1,N-acetylmuramoyl-L-alanine,doi: 10.1128/jvi.00321-21,
AUR91045.1,lysozyme,doi: 10.1128/jvi.00321-21,
AUR84842.1,cell,doi: 10.1128/jvi.00321-21,
AUG87152.1,LysM-like,doi: 10.1128/jvi.00321-21,
AUG85448.1,lysozyme,doi: 10.1128/jvi.00321-21,
ATW62460.1,endolysin,doi: 10.1128/jvi.00321-21,
ATW61934.1,cell,doi: 10.1128/jvi.00321-21,
ATW59956.1,lysin,doi: 10.1128/jvi.00321-21,
ATS92462.1,endolysin,doi: 10.1128/jvi.00321-21,
ATN94002.1,lysin,doi: 10.1128/jvi.00321-21,
ATN94000.1,lysin,doi: 10.1128/jvi.00321-21,
ATN93711.1,endolysin,doi: 10.1128/jvi.00321-21,
ATN93577.1,cell,doi: 10.1128/jvi.00321-21,
ATN92791.1,lysozyme,doi: 10.1128/jvi.00321-21,
ATI16357.1,SAR,doi: 10.1128/jvi.00321-21,
ATB52637.1,putative,doi: 10.1128/jvi.00321-21,
ASZ74790.1,lysin,doi: 10.1128/jvi.00321-21,
ASX99270.1,endolysin,doi: 10.1128/jvi.00321-21,
ASR83194.1,lysin,doi: 10.1128/jvi.00321-21,
ASR78130.1,endolysin,doi: 10.1128/jvi.00321-21,
ASD54020.1,endolysin,doi: 10.1128/jvi.00321-21,
ASD51937.1,endolysin,doi: 10.1128/jvi.00321-21,
ASD50641.1,endolysin,doi: 10.1128/jvi.00321-21,
ARV77128.1,lysozyme,doi: 10.1128/jvi.00321-21,
ARQ95808.1,amidase,doi: 10.1128/jvi.00321-21,
ARM66916.1,endolysin,doi: 10.1128/jvi.00321-21,
ARK07709.1,putative,doi: 10.1128/jvi.00321-21,
ARK07706.1,putative,doi: 10.1128/jvi.00321-21,
ARB11443.1,endolysin,doi: 10.1128/jvi.00321-21,
AQT25721.1,lysin,doi: 10.1128/jvi.00321-21,
APZ82020.1,putative,doi: 10.1128/jvi.00321-21,
APZ82019.1,peptidoglycan-binding,doi: 10.1128/jvi.00321-21,
APQ42527.1,putative,doi: 10.1128/jvi.00321-21,
APD22599.1,endolysin,doi: 10.1128/jvi.00321-21,
APD20282.1,endolysin,doi: 10.1128/jvi.00321-21,
APD19266.1,lysin,doi: 10.1128/jvi.00321-21,
ANT44936.1,hypothetical,doi: 10.1128/jvi.00321-21,2.2
ANA49088.1,putative,doi: 10.1128/jvi.00321-21,
AMR58251.1,peptidoglycan,doi: 10.1128/jvi.00321-21,
AMB17458.1,N-acetylmuramoyl-L-alanine,doi: 10.1128/jvi.00321-21,
ALP47458.1,transglycosylase,doi: 10.1128/jvi.00321-21,
ALP46720.1,PGRP,doi: 10.1128/jvi.00321-21,
ALN97698.1,N-acetylmuramoyl-L-alanine,doi: 10.1128/jvi.00321-21,
ALJ98709.1,lysozyme,doi: 10.1128/jvi.00321-21,
ALA45886.1,putative,doi: 10.1128/jvi.00321-21,
AKU45329.1,lysin,doi: 10.1128/jvi.00321-21,
AKU43570.1,endolysin,doi: 10.1128/jvi.00321-21,
AKU43363.1,endolysin,doi: 10.1128/jvi.00321-21,
AKC57564.1,peptidase,doi: 10.1128/jvi.00321-21,
AKC57557.1,amidase,doi: 10.1128/jvi.00321-21,
AKA61143.1,putative,doi: 10.1128/jvi.00321-21,
AJT60824.1,lysozyme-like,doi: 10.1128/jvi.00321-21,
AIM40565.1,N-acetylmuramoyl-L-alanine,doi: 10.1128/jvi.00321-21,
AGS82113.1,tail,doi: 10.1128/jvi.00321-21,
AGO49749.1,L-alanoyl-D-glutamate,doi: 10.1128/jvi.00321-21,
AGO49038.1,D-alanyl-D-alanine,doi: 10.1128/jvi.00321-21,
AGK85730.1,lysin,doi: 10.1128/jvi.00321-21,
AER50177.1,lysin,doi: 10.1128/jvi.00321-21,
ADP69243.1,putative,doi: 10.1128/jvi.00321-21,
ADF83485.1,putative,doi: 10.1128/jvi.00321-21,
ADF83465.1,putative,doi: 10.1128/jvi.00321-21,
ADF59157.1,N-acetylmuramoyl-L-alanine,doi: 10.1128/jvi.00321-21,
AAC34421.1,lysin,doi: 10.1128/jvi.00321-21,
UniprotKB: A0A097BXS3,Esterase/lipase,UniprotKB,
UniprotKB: A0A0N9RRL9,GDSL-like lipase/acylhydrolase,UniprotKB,
UniprotKB: A0A0P0IYG9,Pla-1/cef family extracellular lipase,UniprotKB,
UniprotKB: A0A0S4KWC4,GDSL-like Lipase/Acylhydrolase,UniprotKB,
UniprotKB: A0A0U4JWX9,GDSL-like lipase/acylhydrolase,UniprotKB,
UniprotKB: A0A160DCK2,Lipase,UniprotKB,
UniprotKB: A0A1B1IT35,Lipase,UniprotKB,
UniprotKB: A0A1B1IWX0,Putative lipase,UniprotKB,
UniprotKB: A0A1D8EXR2,Lipase,UniprotKB,
UniprotKB: A0A1I9SA54,Lipase/esterase,UniprotKB,
UniprotKB: A0A1J0MF71,GDSL-like lipase/acylhydrolase,UniprotKB,
UniprotKB: A0A1S5SAB2,GDSL-like lipase/acylhydrolase,UniprotKB,
UniprotKB: A0A1S6L1H1,SGNH hydrolase-type esterase domain-containing protein,UniprotKB,
UniprotKB: A0A220NRQ3,Lipase chaperone,UniprotKB,
UniprotKB: A0A240EWW1,GDSL-like Lipase / SGNH-Hydrolase,UniprotKB,
UniprotKB: A0A248SJA8,Fungal lipase-like domain-containing protein,UniprotKB,
UniprotKB: A0A292GJR7,Lipase,UniprotKB,
UniprotKB: A0A2H4JFN3,Putative lipase/acylhydrolase domain-containingprotein,UniprotKB,
UniprotKB: A0A2H4P705,GDSL-like lipase,UniprotKB,
UniprotKB: A0A2H4PAQ8,Fungal lipase-like domain-containing protein,UniprotKB,
UniprotKB: A0A2I7SAF7,Triacylglycerol esterase/lipase,UniprotKB,
UniprotKB: A0A2U8UWK6,GDSL-like lipase/acylhydrolase family protein,UniprotKB,
UniprotKB: A0A2Z5XVI4,Putaive esterase/lipase,UniprotKB,
UniprotKB: A0A3G2KCL1,Lipase,UniprotKB,
UniprotKB: A0A3G2KCR2,Lipase,UniprotKB,
UniprotKB: A0A3G2KEB1,Lipase,UniprotKB,
UniprotKB: A0A3G2KIP8,Lipase,UniprotKB,
UniprotKB: A0A482IIL0,Lipase chaperone,UniprotKB,
UniprotKB: A0A514CY01,Esterase /lipase,UniprotKB,
UniprotKB: A0A5J6TB71,Lipase,UniprotKB,
UniprotKB: A0A5J6TRX9,Lipase,UniprotKB,
UniprotKB: A0A6J5NZ78,Fungal lipase-like domain containing protein,UniprotKB,
UniprotKB: A0A7G3KAV3,Lipase,UniprotKB,
UniprotKB: A0A7G3MQ87,Fungal lipase-like domain-containing protein,UniprotKB,
UniprotKB: A0A7G5B810,Fungal lipase-like domain-containing protein,UniprotKB,
UniprotKB: A0A7G7WXU8,GDSL-like lipase/acylhydrolase family protein,UniprotKB,
UniprotKB: A0A7L7SN73,GDSL-like lipase,UniprotKB,
UniprotKB: A0A7L7SXH2,GDSL-like lipase,UniprotKB,
UniprotKB: A0A7T1KRG9,LipC-like lipase,UniprotKB,
UniprotKB: A0A889IPU2,Lipase,UniprotKB,
UniprotKB: A0A8S5ST65,GDSL like Lipase Acylhydrolase,UniprotKB,
UniprotKB: A0A9E7IC94,GDSL-type esterase/lipase family protein,UniprotKB,
UniprotKB: A0A9E7MQD7,GDSL-like lipase/acylhydrolase family protein,UniprotKB,
UniprotKB: A0A9E7QSS6,LipC-like lipase,UniprotKB,
UniprotKB: A0A9E9LXM7,Tail with lipase actitivy,UniprotKB,
UniprotKB: A0A9X9JPP7,Lipoprotein lipase,UniprotKB,
UniprotKB: A0AA47LX49,Class 3 lipase,UniprotKB,
UniprotKB: F5B431,GDSL family lipase,UniprotKB,
UniprotKB: M1EAS5,Long tail fiber protein Gp37,UniprotKB,
UniprotKB: O21886,Receptor binding protein,UniprotKB,
UniprotKB: P03744,Long-tail fiber protein gp37,UniprotKB,
UniprotKB: P08233,Receptor-recognizing protein gp38,UniprotKB,
UniprotKB: P23207,Receptor-binding protein pb5,UniprotKB,
UniprotKB: Q2Z0S4,Putative GDSL lipase family protein,UniprotKB,
UniprotKB: Q58MF5,Lipase,UniprotKB,
UniprotKB: Q775D6,Tail fiber receptor-binding protein,UniprotKB,
